-- ==========================================================
-- 1. DEPARTMENTS
-- ==========================================================
INSERT INTO departments (dept_ID, dept_name, dept_HP, dept_email, created_at, updated_at) VALUES (1, 'Medical', '0355443833', 'pusatkesihatan@uitm.edu.my', SYSTIMESTAMP, SYSTIMESTAMP);
INSERT INTO departments (dept_ID, dept_name, dept_HP, dept_email, created_at, updated_at) VALUES (2, 'Dental', '0355443630', 'pusatkesihatan@uitm.edu.my', SYSTIMESTAMP, SYSTIMESTAMP);
COMMIT;

-- ==========================================================
-- 2. POSITIONS
-- ==========================================================
INSERT INTO positions (position_ID, position_name, position_desc, created_at, updated_at) VALUES (1, 'Medical Officer', 'Treat complicated medical cases such as chronic diseases, severe infections, and detailed diagnosis.', SYSTIMESTAMP, SYSTIMESTAMP);
INSERT INTO positions (position_ID, position_name, position_desc, created_at, updated_at) VALUES (2, 'Dental Officer', 'Treat complicated dental cases such as surgeries, root canals, extractions, and advanced oral care.', SYSTIMESTAMP, SYSTIMESTAMP);
INSERT INTO positions (position_ID, position_name, position_desc, created_at, updated_at) VALUES (3, 'Assistant Medical Officer', 'Treat minor injuries such as cuts and wounds, and handle basic triage under supervision of Medical Officers.', SYSTIMESTAMP, SYSTIMESTAMP);
INSERT INTO positions (position_ID, position_name, position_desc, created_at, updated_at) VALUES (4, 'Dental Therapist', 'Treat minor dental cases such as routine cleaning (scaling) and polishing under supervision of Dental Officers.', SYSTIMESTAMP, SYSTIMESTAMP);
COMMIT;

-- ==========================================================
-- 3. USERS (Passwords are 'asdfasdf')
-- ==========================================================
INSERT INTO users (id, name, email, password, status, created_at, updated_at) VALUES (1, 'System Admin', 'admin@uitm.edu.my', '$2y$10$92IXUNpkjO0rOQ5byMi.Ye4oKoEa3Ro9llC/.og/at2.uheWG/igi', 'active', SYSTIMESTAMP, SYSTIMESTAMP);
INSERT INTO users (id, name, email, password, status, created_at, updated_at) VALUES (2, 'Dr. Shairul Azam', 'shairul@uitm.edu.my', '$2y$10$92IXUNpkjO0rOQ5byMi.Ye4oKoEa3Ro9llC/.og/at2.uheWG/igi', 'active', SYSTIMESTAMP, SYSTIMESTAMP);
INSERT INTO users (id, name, email, password, status, created_at, updated_at) VALUES (3, 'Dr. Siti Hafifah', 'siti@uitm.edu.my', '$2y$10$92IXUNpkjO0rOQ5byMi.Ye4oKoEa3Ro9llC/.og/at2.uheWG/igi', 'active', SYSTIMESTAMP, SYSTIMESTAMP);
INSERT INTO users (id, name, email, password, status, created_at, updated_at) VALUES (4, 'Dr. Nurfazlinda', 'nurfaz@uitm.edu.my', '$2y$10$92IXUNpkjO0rOQ5byMi.Ye4oKoEa3Ro9llC/.og/at2.uheWG/igi', 'active', SYSTIMESTAMP, SYSTIMESTAMP);
INSERT INTO users (id, name, email, password, status, created_at, updated_at) VALUES (5, 'Dr. Amal Farah', 'amal@uitm.edu.my', '$2y$10$92IXUNpkjO0rOQ5byMi.Ye4oKoEa3Ro9llC/.og/at2.uheWG/igi', 'active', SYSTIMESTAMP, SYSTIMESTAMP);
INSERT INTO users (id, name, email, password, status, created_at, updated_at) VALUES (6, 'Dr. Razak Osman', 'razak@uitm.edu.my', '$2y$10$92IXUNpkjO0rOQ5byMi.Ye4oKoEa3Ro9llC/.og/at2.uheWG/igi', 'active', SYSTIMESTAMP, SYSTIMESTAMP);
INSERT INTO users (id, name, email, password, status, created_at, updated_at) VALUES (7, 'Dr. Azarifa Abdullah', 'azarifa@uitm.edu.my', '$2y$10$92IXUNpkjO0rOQ5byMi.Ye4oKoEa3Ro9llC/.og/at2.uheWG/igi', 'active', SYSTIMESTAMP, SYSTIMESTAMP);
INSERT INTO users (id, name, email, password, status, created_at, updated_at) VALUES (8, 'Dr. Hazmyr Wahab', 'hazmyr@uitm.edu.my', '$2y$10$92IXUNpkjO0rOQ5byMi.Ye4oKoEa3Ro9llC/.og/at2.uheWG/igi', 'active', SYSTIMESTAMP, SYSTIMESTAMP);
INSERT INTO users (id, name, email, password, status, created_at, updated_at) VALUES (9, 'Dr. Lee Wei Han', 'leewei@uitm.edu.my', '$2y$10$92IXUNpkjO0rOQ5byMi.Ye4oKoEa3Ro9llC/.og/at2.uheWG/igi', 'active', SYSTIMESTAMP, SYSTIMESTAMP);
INSERT INTO users (id, name, email, password, status, created_at, updated_at) VALUES (10, 'Dr. Sarah Devi', 'sarahd@uitm.edu.my', '$2y$10$92IXUNpkjO0rOQ5byMi.Ye4oKoEa3Ro9llC/.og/at2.uheWG/igi', 'active', SYSTIMESTAMP, SYSTIMESTAMP);
INSERT INTO users (id, name, email, password, status, created_at, updated_at) VALUES (11, 'Dr. Johan Ariff', 'johan@uitm.edu.my', '$2y$10$92IXUNpkjO0rOQ5byMi.Ye4oKoEa3Ro9llC/.og/at2.uheWG/igi', 'active', SYSTIMESTAMP, SYSTIMESTAMP);
INSERT INTO users (id, name, email, password, status, created_at, updated_at) VALUES (12, 'Dr. Mei Ling', 'mei@uitm.edu.my', '$2y$10$92IXUNpkjO0rOQ5byMi.Ye4oKoEa3Ro9llC/.og/at2.uheWG/igi', 'active', SYSTIMESTAMP, SYSTIMESTAMP);
INSERT INTO users (id, name, email, password, status, created_at, updated_at) VALUES (101, 'Ali Bin Abu', 'ali@student.uitm.edu.my', '$2y$10$92IXUNpkjO0rOQ5byMi.Ye4oKoEa3Ro9llC/.og/at2.uheWG/igi', 'active', SYSTIMESTAMP, SYSTIMESTAMP);
INSERT INTO users (id, name, email, password, status, created_at, updated_at) VALUES (102, 'Siti Aminah Binti Akob', 'siti@student.uitm.edu.my', '$2y$10$92IXUNpkjO0rOQ5byMi.Ye4oKoEa3Ro9llC/.og/at2.uheWG/igi', 'active', SYSTIMESTAMP, SYSTIMESTAMP);
INSERT INTO users (id, name, email, password, status, created_at, updated_at) VALUES (103, 'Demir Naufal Bin Hasbullah', 'demir@student.uitm.edu.my', '$2y$10$92IXUNpkjO0rOQ5byMi.Ye4oKoEa3Ro9llC/.og/at2.uheWG/igi', 'active', SYSTIMESTAMP, SYSTIMESTAMP);
INSERT INTO users (id, name, email, password, status, created_at, updated_at) VALUES (104, 'Pn. Rohana Binti Yusof', 'rohana@uitm.edu.my', '$2y$10$92IXUNpkjO0rOQ5byMi.Ye4oKoEa3Ro9llC/.og/at2.uheWG/igi', 'active', SYSTIMESTAMP, SYSTIMESTAMP);
INSERT INTO users (id, name, email, password, status, created_at, updated_at) VALUES (105, 'En. Kamal Ariffin', 'kamal@uitm.edu.my', '$2y$10$92IXUNpkjO0rOQ5byMi.Ye4oKoEa3Ro9llC/.og/at2.uheWG/igi', 'active', SYSTIMESTAMP, SYSTIMESTAMP);
INSERT INTO users (id, name, email, password, status, created_at, updated_at) VALUES (106, 'Haziq Bin Rosli', 'haziq@student.uitm.edu.my', '$2y$10$92IXUNpkjO0rOQ5byMi.Ye4oKoEa3Ro9llC/.og/at2.uheWG/igi', 'active', SYSTIMESTAMP, SYSTIMESTAMP);
INSERT INTO users (id, name, email, password, status, created_at, updated_at) VALUES (107, 'Stephen Raj A/L Muthu', 'stephen@uitm.edu.my', '$2y$10$92IXUNpkjO0rOQ5byMi.Ye4oKoEa3Ro9llC/.og/at2.uheWG/igi', 'active', SYSTIMESTAMP, SYSTIMESTAMP);
INSERT INTO users (id, name, email, password, status, created_at, updated_at) VALUES (108, 'Jessica Wong', 'jessica@student.uitm.edu.my', '$2y$10$92IXUNpkjO0rOQ5byMi.Ye4oKoEa3Ro9llC/.og/at2.uheWG/igi', 'active', SYSTIMESTAMP, SYSTIMESTAMP);
INSERT INTO users (id, name, email, password, status, created_at, updated_at) VALUES (109, 'Sarah Binti Nasir', 'sarah@student.uitm.edu.my', '$2y$10$92IXUNpkjO0rOQ5byMi.Ye4oKoEa3Ro9llC/.og/at2.uheWG/igi', 'active', SYSTIMESTAMP, SYSTIMESTAMP);
INSERT INTO users (id, name, email, password, status, created_at, updated_at) VALUES (110, 'Raj Kumar', 'raj@student.uitm.edu.my', '$2y$10$92IXUNpkjO0rOQ5byMi.Ye4oKoEa3Ro9llC/.og/at2.uheWG/igi', 'active', SYSTIMESTAMP, SYSTIMESTAMP);
INSERT INTO users (id, name, email, password, status, created_at, updated_at) VALUES (111, 'Pn. Salmah Bakar', 'salmah@uitm.edu.my', '$2y$10$92IXUNpkjO0rOQ5byMi.Ye4oKoEa3Ro9llC/.og/at2.uheWG/igi', 'active', SYSTIMESTAMP, SYSTIMESTAMP);
INSERT INTO users (id, name, email, password, status, created_at, updated_at) VALUES (112, 'En. Mat Nor', 'matnor@uitm.edu.my', '$2y$10$92IXUNpkjO0rOQ5byMi.Ye4oKoEa3Ro9llC/.og/at2.uheWG/igi', 'active', SYSTIMESTAMP, SYSTIMESTAMP);
INSERT INTO users (id, name, email, password, status, created_at, updated_at) VALUES (113, 'Mei Ling', 'meiling@student.uitm.edu.my', '$2y$10$92IXUNpkjO0rOQ5byMi.Ye4oKoEa3Ro9llC/.og/at2.uheWG/igi', 'active', SYSTIMESTAMP, SYSTIMESTAMP);
COMMIT;

-- ==========================================================
-- 4. DOCTORS (Supervisors first, then Supervisees)
-- ==========================================================
INSERT INTO doctors (doctor_ID, user_id, doctor_name, doctor_gender, doctor_DOB, doctor_HP, doctor_email, position_ID, dept_ID, supervisor_ID, status, created_at, updated_at) VALUES (2010123456, 2, 'Dr. Shairul Azam', 'M', TO_DATE('1975-05-20', 'YYYY-MM-DD'), '0123456789', 'shairul@uitm.edu.my', 1, 1, NULL, 'ACTIVE', SYSTIMESTAMP, SYSTIMESTAMP);
INSERT INTO doctors (doctor_ID, user_id, doctor_name, doctor_gender, doctor_DOB, doctor_HP, doctor_email, position_ID, dept_ID, supervisor_ID, status, created_at, updated_at) VALUES (2012987654, 3, 'Dr. Siti Hafifah', 'F', TO_DATE('1980-08-15', 'YYYY-MM-DD'), '0198765432', 'siti@uitm.edu.my', 1, 1, NULL, 'ACTIVE', SYSTIMESTAMP, SYSTIMESTAMP);
INSERT INTO doctors (doctor_ID, user_id, doctor_name, doctor_gender, doctor_DOB, doctor_HP, doctor_email, position_ID, dept_ID, supervisor_ID, status, created_at, updated_at) VALUES (2013567890, 4, 'Dr. Nurfazlinda', 'F', TO_DATE('1982-03-10', 'YYYY-MM-DD'), '0135678901', 'nurfaz@uitm.edu.my', 1, 1, NULL, 'ACTIVE', SYSTIMESTAMP, SYSTIMESTAMP);
INSERT INTO doctors (doctor_ID, user_id, doctor_name, doctor_gender, doctor_DOB, doctor_HP, doctor_email, position_ID, dept_ID, supervisor_ID, status, created_at, updated_at) VALUES (2014112233, 5, 'Dr. Amal Farah', 'F', TO_DATE('1984-11-25', 'YYYY-MM-DD'), '0141122334', 'amal@uitm.edu.my', 1, 1, NULL, 'ACTIVE', SYSTIMESTAMP, SYSTIMESTAMP);
INSERT INTO doctors (doctor_ID, user_id, doctor_name, doctor_gender, doctor_DOB, doctor_HP, doctor_email, position_ID, dept_ID, supervisor_ID, status, created_at, updated_at) VALUES (2015998877, 6, 'Dr. Razak Osman', 'M', TO_DATE('1985-01-30', 'YYYY-MM-DD'), '0179988776', 'razak@uitm.edu.my', 1, 1, NULL, 'ACTIVE', SYSTIMESTAMP, SYSTIMESTAMP);
INSERT INTO doctors (doctor_ID, user_id, doctor_name, doctor_gender, doctor_DOB, doctor_HP, doctor_email, position_ID, dept_ID, supervisor_ID, status, created_at, updated_at) VALUES (2014223344, 7, 'Dr. Azarifa Abdullah', 'F', TO_DATE('1982-02-14', 'YYYY-MM-DD'), '0162233445', 'azarifa@uitm.edu.my', 2, 2, NULL, 'ACTIVE', SYSTIMESTAMP, SYSTIMESTAMP);
INSERT INTO doctors (doctor_ID, user_id, doctor_name, doctor_gender, doctor_DOB, doctor_HP, doctor_email, position_ID, dept_ID, supervisor_ID, status, created_at, updated_at) VALUES (2016445566, 8, 'Dr. Hazmyr Wahab', 'M', TO_DATE('1986-07-20', 'YYYY-MM-DD'), '0124455667', 'hazmyr@uitm.edu.my', 2, 2, NULL, 'ACTIVE', SYSTIMESTAMP, SYSTIMESTAMP);
INSERT INTO doctors (doctor_ID, user_id, doctor_name, doctor_gender, doctor_DOB, doctor_HP, doctor_email, position_ID, dept_ID, supervisor_ID, status, created_at, updated_at) VALUES (2017778899, 9, 'Dr. Lee Wei Han', 'M', TO_DATE('1987-09-12', 'YYYY-MM-DD'), '0197788990', 'leewei@uitm.edu.my', 2, 2, NULL, 'ACTIVE', SYSTIMESTAMP, SYSTIMESTAMP);
INSERT INTO doctors (doctor_ID, user_id, doctor_name, doctor_gender, doctor_DOB, doctor_HP, doctor_email, position_ID, dept_ID, supervisor_ID, status, created_at, updated_at) VALUES (2018001122, 10, 'Dr. Sarah Devi', 'F', TO_DATE('1988-05-05', 'YYYY-MM-DD'), '0130011223', 'sarahd@uitm.edu.my', 2, 2, NULL, 'ACTIVE', SYSTIMESTAMP, SYSTIMESTAMP);
INSERT INTO doctors (doctor_ID, user_id, doctor_name, doctor_gender, doctor_DOB, doctor_HP, doctor_email, position_ID, dept_ID, supervisor_ID, status, created_at, updated_at) VALUES (2018334455, 11, 'Dr. Johan Ariff', 'M', TO_DATE('1988-12-01', 'YYYY-MM-DD'), '0143344556', 'johan@uitm.edu.my', 2, 2, NULL, 'ACTIVE', SYSTIMESTAMP, SYSTIMESTAMP);
INSERT INTO doctors (doctor_ID, user_id, doctor_name, doctor_gender, doctor_DOB, doctor_HP, doctor_email, position_ID, dept_ID, supervisor_ID, status, created_at, updated_at) VALUES (2018667788, 12, 'Dr. Mei Ling', 'F', TO_DATE('1989-04-18', 'YYYY-MM-DD'), '0176677889', 'mei@uitm.edu.my', 2, 2, NULL, 'ACTIVE', SYSTIMESTAMP, SYSTIMESTAMP);
COMMIT;
-- Supervisees
INSERT INTO doctors (doctor_ID, user_id, doctor_name, doctor_gender, doctor_DOB, doctor_HP, doctor_email, position_ID, dept_ID, supervisor_ID, status, created_at, updated_at) VALUES (2020555001, NULL, 'PPP Ahmad Razak', 'M', TO_DATE('1996-06-15', 'YYYY-MM-DD'), '0115550001', 'ahmadppp@uitm.edu.my', 3, 1, 2010123456, 'ACTIVE', SYSTIMESTAMP, SYSTIMESTAMP);
INSERT INTO doctors (doctor_ID, user_id, doctor_name, doctor_gender, doctor_DOB, doctor_HP, doctor_email, position_ID, dept_ID, supervisor_ID, status, created_at, updated_at) VALUES (2021666002, NULL, 'PPP Nurul Izzah', 'F', TO_DATE('1997-03-22', 'YYYY-MM-DD'), '0116660002', 'nurulppp@uitm.edu.my', 3, 1, 2012987654, 'ACTIVE', SYSTIMESTAMP, SYSTIMESTAMP);
INSERT INTO doctors (doctor_ID, user_id, doctor_name, doctor_gender, doctor_DOB, doctor_HP, doctor_email, position_ID, dept_ID, supervisor_ID, status, created_at, updated_at) VALUES (2022777003, NULL, 'PPP Kumar Velu', 'M', TO_DATE('1998-11-05', 'YYYY-MM-DD'), '0117770003', 'kumarppp@uitm.edu.my', 3, 1, 2013567890, 'ACTIVE', SYSTIMESTAMP, SYSTIMESTAMP);
INSERT INTO doctors (doctor_ID, user_id, doctor_name, doctor_gender, doctor_DOB, doctor_HP, doctor_email, position_ID, dept_ID, supervisor_ID, status, created_at, updated_at) VALUES (2023888004, NULL, 'PPP Dayang Suhana', 'F', TO_DATE('1999-01-30', 'YYYY-MM-DD'), '0118880004', 'dayangppp@uitm.edu.my', 3, 1, 2014112233, 'ACTIVE', SYSTIMESTAMP, SYSTIMESTAMP);
INSERT INTO doctors (doctor_ID, user_id, doctor_name, doctor_gender, doctor_DOB, doctor_HP, doctor_email, position_ID, dept_ID, supervisor_ID, status, created_at, updated_at) VALUES (2024999005, NULL, 'PPP Chong Wei', 'M', TO_DATE('2000-09-09', 'YYYY-MM-DD'), '0119990005', 'chongppp@uitm.edu.my', 3, 1, 2015998877, 'ACTIVE', SYSTIMESTAMP, SYSTIMESTAMP);
INSERT INTO doctors (doctor_ID, user_id, doctor_name, doctor_gender, doctor_DOB, doctor_HP, doctor_email, position_ID, dept_ID, supervisor_ID, status, created_at, updated_at) VALUES (2022111222, NULL, 'JT Lisa Karim', 'F', TO_DATE('1998-07-07', 'YYYY-MM-DD'), '0111112222', 'lisa@uitm.edu.my', 4, 2, 2014223344, 'ACTIVE', SYSTIMESTAMP, SYSTIMESTAMP);
INSERT INTO doctors (doctor_ID, user_id, doctor_name, doctor_gender, doctor_DOB, doctor_HP, doctor_email, position_ID, dept_ID, supervisor_ID, status, created_at, updated_at) VALUES (2023333444, NULL, 'JT Aminah Yusof', 'F', TO_DATE('1999-10-15', 'YYYY-MM-DD'), '0113334444', 'aminah@uitm.edu.my', 4, 2, 2016445566, 'ACTIVE', SYSTIMESTAMP, SYSTIMESTAMP);
INSERT INTO doctors (doctor_ID, user_id, doctor_name, doctor_gender, doctor_DOB, doctor_HP, doctor_email, position_ID, dept_ID, supervisor_ID, status, created_at, updated_at) VALUES (2024555666, NULL, 'JT Kevin Tan', 'M', TO_DATE('2001-05-20', 'YYYY-MM-DD'), '0115556666', 'kevin@uitm.edu.my', 4, 2, 2017778899, 'ACTIVE', SYSTIMESTAMP, SYSTIMESTAMP);
COMMIT;

-- ==========================================================
-- 5. PATIENTS
-- ==========================================================
INSERT INTO patients (patient_ID, user_id, patient_name, patient_gender, patient_DOB, patient_HP, patient_email, patient_type, patient_meds_history, ic_number, student_id, gender, created_at, updated_at) VALUES (2023456789, 101, 'Ali Bin Abu', 'M', TO_DATE('2001-05-12', 'YYYY-MM-DD'), '0123456789', 'ali@student.uitm.edu.my', 'STUDENT', 'Asthma (Mild)', '010512-10-1234', '2023456789', 'M', SYSTIMESTAMP, SYSTIMESTAMP);
INSERT INTO patients (patient_ID, user_id, patient_name, patient_gender, patient_DOB, patient_HP, patient_email, patient_type, patient_meds_history, ic_number, student_id, gender, created_at, updated_at) VALUES (2022876543, 102, 'Siti Aminah Binti Akob', 'F', TO_DATE('2002-08-20', 'YYYY-MM-DD'), '0198765432', 'siti@student.uitm.edu.my', 'STUDENT', 'No known allergies', '020820-10-5678', '2022876543', 'F', SYSTIMESTAMP, SYSTIMESTAMP);
INSERT INTO patients (patient_ID, user_id, patient_name, patient_gender, patient_DOB, patient_HP, patient_email, patient_type, patient_meds_history, ic_number, student_id, gender, created_at, updated_at) VALUES (2024112233, 103, 'Demir Naufal Bin Hasbullah', 'M', TO_DATE('2000-11-05', 'YYYY-MM-DD'), '0171122334', 'demir@student.uitm.edu.my', 'STUDENT', 'Previous ACL tear (2019)', '001105-10-9988', '2024112233', 'M', SYSTIMESTAMP, SYSTIMESTAMP);
INSERT INTO patients (patient_ID, user_id, patient_name, patient_gender, patient_DOB, patient_HP, patient_email, patient_type, patient_meds_history, ic_number, student_id, gender, created_at, updated_at) VALUES (2005123456, 104, 'Pn. Rohana Binti Yusof', 'F', TO_DATE('1975-03-15', 'YYYY-MM-DD'), '0134455667', 'rohana@uitm.edu.my', 'STAFF', 'Hypertension, takes medicine daily', '750315-10-1122', NULL, 'F', SYSTIMESTAMP, SYSTIMESTAMP);
INSERT INTO patients (patient_ID, user_id, patient_name, patient_gender, patient_DOB, patient_HP, patient_email, patient_type, patient_meds_history, ic_number, student_id, gender, created_at, updated_at) VALUES (2010987654, 105, 'En. Kamal Ariffin', 'M', TO_DATE('1982-12-10', 'YYYY-MM-DD'), '0129988776', 'kamal@uitm.edu.my', 'STAFF', 'Allergic to Penicillin', '821210-10-3344', NULL, 'M', SYSTIMESTAMP, SYSTIMESTAMP);
INSERT INTO patients (patient_ID, user_id, patient_name, patient_gender, patient_DOB, patient_HP, patient_email, patient_type, patient_meds_history, ic_number, student_id, gender, created_at, updated_at) VALUES (2025101010, 106, 'Haziq Bin Rosli', 'M', TO_DATE('2003-04-12', 'YYYY-MM-DD'), '0112233445', 'haziq@student.uitm.edu.my', 'STUDENT', 'G6PD Deficiency', '030412-10-5566', '2025101010', 'M', SYSTIMESTAMP, SYSTIMESTAMP);
INSERT INTO patients (patient_ID, user_id, patient_name, patient_gender, patient_DOB, patient_HP, patient_email, patient_type, patient_meds_history, ic_number, student_id, gender, created_at, updated_at) VALUES (2025998877, 107, 'Stephen Raj A/L Muthu', 'M', TO_DATE('1985-06-20', 'YYYY-MM-DD'), '0129988112', 'stephen@uitm.edu.my', 'STAFF', 'Gastritis', '850620-10-7788', NULL, 'M', SYSTIMESTAMP, SYSTIMESTAMP);
INSERT INTO patients (patient_ID, user_id, patient_name, patient_gender, patient_DOB, patient_HP, patient_email, patient_type, patient_meds_history, ic_number, student_id, gender, created_at, updated_at) VALUES (2025202020, 108, 'Jessica Wong', 'F', TO_DATE('2003-11-15', 'YYYY-MM-DD'), '0165544332', 'jessica@student.uitm.edu.my', 'STUDENT', 'No known allergies', '031115-10-9900', '2025202020', 'F', SYSTIMESTAMP, SYSTIMESTAMP);
INSERT INTO patients (patient_ID, user_id, patient_name, patient_gender, patient_DOB, patient_HP, patient_email, patient_type, patient_meds_history, ic_number, student_id, gender, created_at, updated_at) VALUES (2025333001, 109, 'Sarah Binti Nasir', 'F', TO_DATE('2003-09-09', 'YYYY-MM-DD'), '0113330011', 'sarah@student.uitm.edu.my', 'STUDENT', 'Anxiety', '030909-10-1122', '2025333001', 'F', SYSTIMESTAMP, SYSTIMESTAMP);
INSERT INTO patients (patient_ID, user_id, patient_name, patient_gender, patient_DOB, patient_HP, patient_email, patient_type, patient_meds_history, ic_number, student_id, gender, created_at, updated_at) VALUES (2025444002, 110, 'Raj Kumar', 'M', TO_DATE('2002-12-01', 'YYYY-MM-DD'), '0124440022', 'raj@student.uitm.edu.my', 'STUDENT', 'Fractured wrist 2020', '021201-10-3344', '2025444002', 'M', SYSTIMESTAMP, SYSTIMESTAMP);
INSERT INTO patients (patient_ID, user_id, patient_name, patient_gender, patient_DOB, patient_HP, patient_email, patient_type, patient_meds_history, ic_number, student_id, gender, created_at, updated_at) VALUES (2010777003, 111, 'Pn. Salmah Bakar', 'F', TO_DATE('1978-02-28', 'YYYY-MM-DD'), '0137770033', 'salmah@uitm.edu.my', 'STAFF', 'Type 2 Diabetes', '780228-10-5566', NULL, 'F', SYSTIMESTAMP, SYSTIMESTAMP);
INSERT INTO patients (patient_ID, user_id, patient_name, patient_gender, patient_DOB, patient_HP, patient_email, patient_type, patient_meds_history, ic_number, student_id, gender, created_at, updated_at) VALUES (2015888004, 112, 'En. Mat Nor', 'M', TO_DATE('1980-07-15', 'YYYY-MM-DD'), '0198880044', 'matnor@uitm.edu.my', 'STAFF', 'Heavy Smoker', '800715-10-7788', NULL, 'M', SYSTIMESTAMP, SYSTIMESTAMP);
INSERT INTO patients (patient_ID, user_id, patient_name, patient_gender, patient_DOB, patient_HP, patient_email, patient_type, patient_meds_history, ic_number, student_id, gender, created_at, updated_at) VALUES (2025999005, 113, 'Mei Ling', 'F', TO_DATE('2004-01-20', 'YYYY-MM-DD'), '0179990055', 'meiling@student.uitm.edu.my', 'STUDENT', 'Sensitive Teeth', '040120-10-9900', '2025999005', 'F', SYSTIMESTAMP, SYSTIMESTAMP);
COMMIT;

-- ==========================================================
-- 6. MEDICATIONS
-- ==========================================================
INSERT INTO medications (meds_id, meds_name, meds_type, created_at, updated_at) VALUES (6001, 'Paracetamol 500mg', 'Pill', SYSTIMESTAMP, SYSTIMESTAMP);
INSERT INTO medications (meds_id, meds_name, meds_type, created_at, updated_at) VALUES (6002, 'Amoxicillin 250mg', 'Capsule', SYSTIMESTAMP, SYSTIMESTAMP);
INSERT INTO medications (meds_id, meds_name, meds_type, created_at, updated_at) VALUES (6003, 'Difflam Lozenges', 'Lozenge', SYSTIMESTAMP, SYSTIMESTAMP);
INSERT INTO medications (meds_id, meds_name, meds_type, created_at, updated_at) VALUES (6004, 'Mefenamic Acid 250mg', 'Pill', SYSTIMESTAMP, SYSTIMESTAMP);
INSERT INTO medications (meds_id, meds_name, meds_type, created_at, updated_at) VALUES (6005, 'Chlorhexidine Mouthwash', 'Liquid', SYSTIMESTAMP, SYSTIMESTAMP);
INSERT INTO medications (meds_id, meds_name, meds_type, created_at, updated_at) VALUES (6006, 'Amlodipine 5mg', 'Pill', SYSTIMESTAMP, SYSTIMESTAMP);
INSERT INTO medications (meds_id, meds_name, meds_type, created_at, updated_at) VALUES (6007, 'Loratadine 10mg', 'Pill', SYSTIMESTAMP, SYSTIMESTAMP);
INSERT INTO medications (meds_id, meds_name, meds_type, created_at, updated_at) VALUES (6008, 'Gaviscon Liquid', 'Liquid', SYSTIMESTAMP, SYSTIMESTAMP);
INSERT INTO medications (meds_id, meds_name, meds_type, created_at, updated_at) VALUES (6009, 'Augmentin 625mg', 'Pill', SYSTIMESTAMP, SYSTIMESTAMP);
INSERT INTO medications (meds_id, meds_name, meds_type, created_at, updated_at) VALUES (6010, 'ORS Sachet', 'Powder', SYSTIMESTAMP, SYSTIMESTAMP);
INSERT INTO medications (meds_id, meds_name, meds_type, created_at, updated_at) VALUES (6011, 'Benzocaine Gel', 'Gel', SYSTIMESTAMP, SYSTIMESTAMP);
COMMIT;

-- ==========================================================
-- 7. APPOINTMENTS
-- ==========================================================
INSERT INTO appointments (appt_ID, appt_date, appt_time, appt_status, appt_payment, appt_note, patient_ID, doctor_ID, created_at, updated_at) VALUES (10001, TO_DATE('2024-01-10', 'YYYY-MM-DD'), '09:30 AM', 'DISCHARGED', 0.00, 'Student presented with high fever', 2023456789, 2010123456, SYSTIMESTAMP, SYSTIMESTAMP);
INSERT INTO appointments (appt_ID, appt_date, appt_time, appt_status, appt_payment, appt_note, patient_ID, doctor_ID, created_at, updated_at) VALUES (10002, TO_DATE('2024-01-12', 'YYYY-MM-DD'), '10:00 AM', 'DISCHARGED', 0.00, 'Staff monthly checkup', 2005123456, 2012987654, SYSTIMESTAMP, SYSTIMESTAMP);
INSERT INTO appointments (appt_ID, appt_date, appt_time, appt_status, appt_payment, appt_note, patient_ID, doctor_ID, created_at, updated_at) VALUES (10003, TO_DATE('2024-02-01', 'YYYY-MM-DD'), '02:00 PM', 'DISCHARGED', 50.00, 'Food handling requirement', 2022876543, 2020555001, SYSTIMESTAMP, SYSTIMESTAMP);
INSERT INTO appointments (appt_ID, appt_date, appt_time, appt_status, appt_payment, appt_note, patient_ID, doctor_ID, created_at, updated_at) VALUES (10004, TO_DATE('2024-02-15', 'YYYY-MM-DD'), '11:15 AM', 'DISCHARGED', 0.00, 'Severe pain in molar', 2024112233, 2014223344, SYSTIMESTAMP, SYSTIMESTAMP);
INSERT INTO appointments (appt_ID, appt_date, appt_time, appt_status, appt_payment, appt_note, patient_ID, doctor_ID, created_at, updated_at) VALUES (10005, TO_DATE('2025-12-01', 'YYYY-MM-DD'), '08:30 AM', 'PENDING', 0.00, 'General screening', 2010987654, 2015998877, SYSTIMESTAMP, SYSTIMESTAMP);
INSERT INTO appointments (appt_ID, appt_date, appt_time, appt_status, appt_payment, appt_note, patient_ID, doctor_ID, created_at, updated_at) VALUES (10006, TO_DATE('2025-12-02', 'YYYY-MM-DD'), '08:45 AM', 'DISCHARGED', 0.00, 'Severe stomach ache and vomiting', 2025101010, 2010123456, SYSTIMESTAMP, SYSTIMESTAMP);
INSERT INTO appointments (appt_ID, appt_date, appt_time, appt_status, appt_payment, appt_note, patient_ID, doctor_ID, created_at, updated_at) VALUES (10007, TO_DATE('2025-12-05', 'YYYY-MM-DD'), '10:30 AM', 'DISCHARGED', 0.00, 'Routine scaling and polishing', 2025998877, 2018334455, SYSTIMESTAMP, SYSTIMESTAMP);
INSERT INTO appointments (appt_ID, appt_date, appt_time, appt_status, appt_payment, appt_note, patient_ID, doctor_ID, created_at, updated_at) VALUES (10008, TO_DATE('2025-12-10', 'YYYY-MM-DD'), '02:15 PM', 'DISCHARGED', 0.00, 'Rashes after eating seafood', 2025202020, 2020555001, SYSTIMESTAMP, SYSTIMESTAMP);
INSERT INTO appointments (appt_ID, appt_date, appt_time, appt_status, appt_payment, appt_note, patient_ID, doctor_ID, created_at, updated_at) VALUES (10009, TO_DATE('2025-12-15', 'YYYY-MM-DD'), '09:00 AM', 'DISCHARGED', 35.00, 'Elective vaccination request', 2023456789, 2012987654, SYSTIMESTAMP, SYSTIMESTAMP);
INSERT INTO appointments (appt_ID, appt_date, appt_time, appt_status, appt_payment, appt_note, patient_ID, doctor_ID, created_at, updated_at) VALUES (10010, TO_DATE('2026-01-05', 'YYYY-MM-DD'), '11:00 AM', 'DISCHARGED', 0.00, 'Monthly BP review', 2005123456, 2012987654, SYSTIMESTAMP, SYSTIMESTAMP);
INSERT INTO appointments (appt_ID, appt_date, appt_time, appt_status, appt_payment, appt_note, patient_ID, doctor_ID, created_at, updated_at) VALUES (10011, TO_DATE('2026-02-01', 'YYYY-MM-DD'), '09:30 AM', 'PENDING', 0.00, 'Wisdom tooth consultation', 2025202020, 2016445566, SYSTIMESTAMP, SYSTIMESTAMP);
INSERT INTO appointments (appt_ID, appt_date, appt_time, appt_status, appt_payment, appt_note, patient_ID, doctor_ID, created_at, updated_at) VALUES (10012, TO_DATE('2025-12-03', 'YYYY-MM-DD'), '09:00 AM', 'DISCHARGED', 0.00, 'Sore throat and fever', 2023456789, 2010123456, SYSTIMESTAMP, SYSTIMESTAMP);
INSERT INTO appointments (appt_ID, appt_date, appt_time, appt_status, appt_payment, appt_note, patient_ID, doctor_ID, created_at, updated_at) VALUES (10013, TO_DATE('2025-12-03', 'YYYY-MM-DD'), '09:30 AM', 'DISCHARGED', 0.00, 'Coughing for 3 days', 2022876543, 2020555001, SYSTIMESTAMP, SYSTIMESTAMP);
INSERT INTO appointments (appt_ID, appt_date, appt_time, appt_status, appt_payment, appt_note, patient_ID, doctor_ID, created_at, updated_at) VALUES (10014, TO_DATE('2025-12-03', 'YYYY-MM-DD'), '10:00 AM', 'DISCHARGED', 0.00, 'High fever', 2025333001, 2012987654, SYSTIMESTAMP, SYSTIMESTAMP);
INSERT INTO appointments (appt_ID, appt_date, appt_time, appt_status, appt_payment, appt_note, patient_ID, doctor_ID, created_at, updated_at) VALUES (10015, TO_DATE('2025-12-04', 'YYYY-MM-DD'), '08:30 AM', 'DISCHARGED', 0.00, 'Regular Diabetes checkup', 2010777003, 2013567890, SYSTIMESTAMP, SYSTIMESTAMP);
INSERT INTO appointments (appt_ID, appt_date, appt_time, appt_status, appt_payment, appt_note, patient_ID, doctor_ID, created_at, updated_at) VALUES (10016, TO_DATE('2025-12-04', 'YYYY-MM-DD'), '02:00 PM', 'DISCHARGED', 0.00, 'Sprained ankle at gym', 2025444002, 2022777003, SYSTIMESTAMP, SYSTIMESTAMP);
INSERT INTO appointments (appt_ID, appt_date, appt_time, appt_status, appt_payment, appt_note, patient_ID, doctor_ID, created_at, updated_at) VALUES (10017, TO_DATE('2025-12-05', 'YYYY-MM-DD'), '11:00 AM', 'DISCHARGED', 0.00, 'Toothache lower jaw', 2025999005, 2016445566, SYSTIMESTAMP, SYSTIMESTAMP);
INSERT INTO appointments (appt_ID, appt_date, appt_time, appt_status, appt_payment, appt_note, patient_ID, doctor_ID, created_at, updated_at) VALUES (10018, TO_DATE('2025-12-06', 'YYYY-MM-DD'), '09:15 AM', 'DISCHARGED', 0.00, 'Gum bleeding', 2015888004, 2014223344, SYSTIMESTAMP, SYSTIMESTAMP);
INSERT INTO appointments (appt_ID, appt_date, appt_time, appt_status, appt_payment, appt_note, patient_ID, doctor_ID, created_at, updated_at) VALUES (10019, TO_DATE('2025-12-08', 'YYYY-MM-DD'), '10:30 AM', 'DISCHARGED', 35.00, 'Flu Vaccination', 2005123456, 2020555001, SYSTIMESTAMP, SYSTIMESTAMP);
INSERT INTO appointments (appt_ID, appt_date, appt_time, appt_status, appt_payment, appt_note, patient_ID, doctor_ID, created_at, updated_at) VALUES (10020, TO_DATE('2025-12-09', 'YYYY-MM-DD'), '03:00 PM', 'DISCHARGED', 0.00, 'Migraine headache', 2010987654, 2015998877, SYSTIMESTAMP, SYSTIMESTAMP);
INSERT INTO appointments (appt_ID, appt_date, appt_time, appt_status, appt_payment, appt_note, patient_ID, doctor_ID, created_at, updated_at) VALUES (10021, TO_DATE('2025-12-12', 'YYYY-MM-DD'), '08:45 AM', 'DISCHARGED', 0.00, 'Gastric pain', 2025333001, 2012987654, SYSTIMESTAMP, SYSTIMESTAMP);
INSERT INTO appointments (appt_ID, appt_date, appt_time, appt_status, appt_payment, appt_note, patient_ID, doctor_ID, created_at, updated_at) VALUES (10022, TO_DATE('2025-12-15', 'YYYY-MM-DD'), '09:30 AM', 'DISCHARGED', 0.00, 'Asthma attack mild', 2023456789, 2010123456, SYSTIMESTAMP, SYSTIMESTAMP);
INSERT INTO appointments (appt_ID, appt_date, appt_time, appt_status, appt_payment, appt_note, patient_ID, doctor_ID, created_at, updated_at) VALUES (10023, TO_DATE('2025-12-16', 'YYYY-MM-DD'), '11:15 AM', 'DISCHARGED', 0.00, 'Routine scaling', 2023456789, 2022111222, SYSTIMESTAMP, SYSTIMESTAMP);
INSERT INTO appointments (appt_ID, appt_date, appt_time, appt_status, appt_payment, appt_note, patient_ID, doctor_ID, created_at, updated_at) VALUES (10024, TO_DATE('2025-12-18', 'YYYY-MM-DD'), '10:00 AM', 'DISCHARGED', 0.00, 'Skin rash on arm', 2022876543, 2024999005, SYSTIMESTAMP, SYSTIMESTAMP);
INSERT INTO appointments (appt_ID, appt_date, appt_time, appt_status, appt_payment, appt_note, patient_ID, doctor_ID, created_at, updated_at) VALUES (10025, TO_DATE('2025-12-20', 'YYYY-MM-DD'), '02:30 PM', 'DISCHARGED', 0.00, 'Follow up wound dressing', 2025444002, 2022777003, SYSTIMESTAMP, SYSTIMESTAMP);
INSERT INTO appointments (appt_ID, appt_date, appt_time, appt_status, appt_payment, appt_note, patient_ID, doctor_ID, created_at, updated_at) VALUES (10026, TO_DATE('2025-12-22', 'YYYY-MM-DD'), '09:00 AM', 'DISCHARGED', 0.00, 'Chest pain (Referral)', 2015888004, 2010123456, SYSTIMESTAMP, SYSTIMESTAMP);
INSERT INTO appointments (appt_ID, appt_date, appt_time, appt_status, appt_payment, appt_note, patient_ID, doctor_ID, created_at, updated_at) VALUES (10027, TO_DATE('2025-12-23', 'YYYY-MM-DD'), '11:45 AM', 'CANCEL', 0.00, 'Patient did not show up', 2025999005, 2017778899, SYSTIMESTAMP, SYSTIMESTAMP);
INSERT INTO appointments (appt_ID, appt_date, appt_time, appt_status, appt_payment, appt_note, patient_ID, doctor_ID, created_at, updated_at) VALUES (10028, TO_DATE('2025-12-24', 'YYYY-MM-DD'), '08:30 AM', 'DISCHARGED', 0.00, 'Food poisoning', 2010777003, 2014112233, SYSTIMESTAMP, SYSTIMESTAMP);
INSERT INTO appointments (appt_ID, appt_date, appt_time, appt_status, appt_payment, appt_note, patient_ID, doctor_ID, created_at, updated_at) VALUES (10029, TO_DATE('2025-12-27', 'YYYY-MM-DD'), '10:15 AM', 'DISCHARGED', 0.00, 'Loose filling', 2025202020, 2018334455, SYSTIMESTAMP, SYSTIMESTAMP);
INSERT INTO appointments (appt_ID, appt_date, appt_time, appt_status, appt_payment, appt_note, patient_ID, doctor_ID, created_at, updated_at) VALUES (10030, TO_DATE('2025-12-29', 'YYYY-MM-DD'), '09:00 AM', 'DISCHARGED', 0.00, 'Insomnia / Stress', 2024112233, 2012987654, SYSTIMESTAMP, SYSTIMESTAMP);
INSERT INTO appointments (appt_ID, appt_date, appt_time, appt_status, appt_payment, appt_note, patient_ID, doctor_ID, created_at, updated_at) VALUES (10031, TO_DATE('2026-01-02', 'YYYY-MM-DD'), '08:30 AM', 'DISCHARGED', 0.00, 'Medical checkup for sports', 2025444002, 2010123456, SYSTIMESTAMP, SYSTIMESTAMP);
INSERT INTO appointments (appt_ID, appt_date, appt_time, appt_status, appt_payment, appt_note, patient_ID, doctor_ID, created_at, updated_at) VALUES (10032, TO_DATE('2026-01-03', 'YYYY-MM-DD'), '10:00 AM', 'DISCHARGED', 0.00, 'Diabetes Follow up', 2010777003, 2013567890, SYSTIMESTAMP, SYSTIMESTAMP);
INSERT INTO appointments (appt_ID, appt_date, appt_time, appt_status, appt_payment, appt_note, patient_ID, doctor_ID, created_at, updated_at) VALUES (10033, TO_DATE('2026-01-05', 'YYYY-MM-DD'), '11:30 AM', 'DISCHARGED', 0.00, 'Wisdom tooth pain', 2025333001, 2016445566, SYSTIMESTAMP, SYSTIMESTAMP);
INSERT INTO appointments (appt_ID, appt_date, appt_time, appt_status, appt_payment, appt_note, patient_ID, doctor_ID, created_at, updated_at) VALUES (10034, TO_DATE('2026-01-07', 'YYYY-MM-DD'), '09:45 AM', 'DISCHARGED', 0.00, 'Eye infection', 2010987654, 2023888004, SYSTIMESTAMP, SYSTIMESTAMP);
INSERT INTO appointments (appt_ID, appt_date, appt_time, appt_status, appt_payment, appt_note, patient_ID, doctor_ID, created_at, updated_at) VALUES (10035, TO_DATE('2026-01-10', 'YYYY-MM-DD'), '02:15 PM', 'DISCHARGED', 50.00, 'Typhoid Vaccine', 2025999005, 2020555001, SYSTIMESTAMP, SYSTIMESTAMP);
INSERT INTO appointments (appt_ID, appt_date, appt_time, appt_status, appt_payment, appt_note, patient_ID, doctor_ID, created_at, updated_at) VALUES (10036, TO_DATE('2026-01-12', 'YYYY-MM-DD'), '10:00 AM', 'DISCHARGED', 0.00, 'Hypertension Check', 2005123456, 2012987654, SYSTIMESTAMP, SYSTIMESTAMP);
INSERT INTO appointments (appt_ID, appt_date, appt_time, appt_status, appt_payment, appt_note, patient_ID, doctor_ID, created_at, updated_at) VALUES (10037, TO_DATE('2026-01-14', 'YYYY-MM-DD'), '03:30 PM', 'DISCHARGED', 0.00, 'Cut finger (Kitchen)', 2022876543, 2021666002, SYSTIMESTAMP, SYSTIMESTAMP);
INSERT INTO appointments (appt_ID, appt_date, appt_time, appt_status, appt_payment, appt_note, patient_ID, doctor_ID, created_at, updated_at) VALUES (10038, TO_DATE('2026-01-15', 'YYYY-MM-DD'), '09:00 AM', 'DISCHARGED', 0.00, 'Chronic back pain', 2015888004, 2015998877, SYSTIMESTAMP, SYSTIMESTAMP);
INSERT INTO appointments (appt_ID, appt_date, appt_time, appt_status, appt_payment, appt_note, patient_ID, doctor_ID, created_at, updated_at) VALUES (10039, TO_DATE('2026-01-18', 'YYYY-MM-DD'), '11:00 AM', 'DISCHARGED', 0.00, 'Scaling and polishing', 2025444002, 2022111222, SYSTIMESTAMP, SYSTIMESTAMP);
INSERT INTO appointments (appt_ID, appt_date, appt_time, appt_status, appt_payment, appt_note, patient_ID, doctor_ID, created_at, updated_at) VALUES (10040, TO_DATE('2026-01-20', 'YYYY-MM-DD'), '08:45 AM', 'DISCHARGED', 0.00, 'Fever and chills', 2025202020, 2010123456, SYSTIMESTAMP, SYSTIMESTAMP);
INSERT INTO appointments (appt_ID, appt_date, appt_time, appt_status, appt_payment, appt_note, patient_ID, doctor_ID, created_at, updated_at) VALUES (10041, TO_DATE('2026-01-22', 'YYYY-MM-DD'), '10:30 AM', 'DISCHARGED', 0.00, 'Dizziness', 2025333001, 2014112233, SYSTIMESTAMP, SYSTIMESTAMP);
INSERT INTO appointments (appt_ID, appt_date, appt_time, appt_status, appt_payment, appt_note, patient_ID, doctor_ID, created_at, updated_at) VALUES (10042, TO_DATE('2026-01-25', 'YYYY-MM-DD'), '02:00 PM', 'DISCHARGED', 0.00, 'Follow up root canal', 2025333001, 2016445566, SYSTIMESTAMP, SYSTIMESTAMP);
INSERT INTO appointments (appt_ID, appt_date, appt_time, appt_status, appt_payment, appt_note, patient_ID, doctor_ID, created_at, updated_at) VALUES (10043, TO_DATE('2026-01-26', 'YYYY-MM-DD'), '09:15 AM', 'DISCHARGED', 0.00, 'Acne consultation', 2023456789, 2013567890, SYSTIMESTAMP, SYSTIMESTAMP);
INSERT INTO appointments (appt_ID, appt_date, appt_time, appt_status, appt_payment, appt_note, patient_ID, doctor_ID, created_at, updated_at) VALUES (10044, TO_DATE('2026-01-28', 'YYYY-MM-DD'), '11:00 AM', 'DISCHARGED', 0.00, 'Sore throat', 2024112233, 2023888004, SYSTIMESTAMP, SYSTIMESTAMP);
INSERT INTO appointments (appt_ID, appt_date, appt_time, appt_status, appt_payment, appt_note, patient_ID, doctor_ID, created_at, updated_at) VALUES (10045, TO_DATE('2026-02-01', 'YYYY-MM-DD'), '09:00 AM', 'PENDING', 0.00, 'Monthly Diabetic Check', 2010777003, 2013567890, SYSTIMESTAMP, SYSTIMESTAMP);
INSERT INTO appointments (appt_ID, appt_date, appt_time, appt_status, appt_payment, appt_note, patient_ID, doctor_ID, created_at, updated_at) VALUES (10046, TO_DATE('2026-02-02', 'YYYY-MM-DD'), '10:00 AM', 'PENDING', 0.00, 'Braces consultation', 2022876543, 2017778899, SYSTIMESTAMP, SYSTIMESTAMP);
INSERT INTO appointments (appt_ID, appt_date, appt_time, appt_status, appt_payment, appt_note, patient_ID, doctor_ID, created_at, updated_at) VALUES (10047, TO_DATE('2026-02-03', 'YYYY-MM-DD'), '08:30 AM', 'PENDING', 0.00, 'Health screening', 2015888004, 2015998877, SYSTIMESTAMP, SYSTIMESTAMP);
INSERT INTO appointments (appt_ID, appt_date, appt_time, appt_status, appt_payment, appt_note, patient_ID, doctor_ID, created_at, updated_at) VALUES (10048, TO_DATE('2026-02-05', 'YYYY-MM-DD'), '02:00 PM', 'PENDING', 0.00, 'Follow up physio', 2025444002, 2010123456, SYSTIMESTAMP, SYSTIMESTAMP);
INSERT INTO appointments (appt_ID, appt_date, appt_time, appt_status, appt_payment, appt_note, patient_ID, doctor_ID, created_at, updated_at) VALUES (10049, TO_DATE('2026-02-10', 'YYYY-MM-DD'), '11:00 AM', 'PENDING', 35.00, 'Hep B Booster', 2025999005, 2020555001, SYSTIMESTAMP, SYSTIMESTAMP);
INSERT INTO appointments (appt_ID, appt_date, appt_time, appt_status, appt_payment, appt_note, patient_ID, doctor_ID, created_at, updated_at) VALUES (10050, TO_DATE('2026-02-12', 'YYYY-MM-DD'), '09:30 AM', 'PENDING', 0.00, 'General Checkup', 2025333001, 2012987654, SYSTIMESTAMP, SYSTIMESTAMP);
COMMIT;

-- ==========================================================
-- 8. MEDICAL CHECKUPS
-- ==========================================================
INSERT INTO medical_checkups (appt_ID, checkup_symptom, checkup_test, checkup_finding, checkup_treatment, created_at, updated_at) VALUES (10001, 'Headache, temp 39C, sore throat', 'Throat swab negative', 'Viral Fever', 'Prescribed antipyretics and rest', SYSTIMESTAMP, SYSTIMESTAMP);
INSERT INTO medical_checkups (appt_ID, checkup_symptom, checkup_test, checkup_finding, checkup_treatment, created_at, updated_at) VALUES (10002, 'Dizziness', 'BP Reading: 150/95', 'Uncontrolled Hypertension', 'Adjust dosage of Amlodipine', SYSTIMESTAMP, SYSTIMESTAMP);
INSERT INTO medical_checkups (appt_ID, checkup_symptom, checkup_test, checkup_finding, checkup_treatment, created_at, updated_at) VALUES (10006, 'Stomach pain, nausea,vomiting', 'Gastric pill test negative', 'Acute Gastroenteritis', 'ORS, anti-emetics, clear fluids', SYSTIMESTAMP, SYSTIMESTAMP);
INSERT INTO medical_checkups (appt_ID, checkup_symptom, checkup_test, checkup_finding, checkup_treatment, created_at, updated_at) VALUES (10008, 'Itchy rashes on face and arms', 'Skin patch nil, history taken', 'Allergic Reaction - Food', 'Antihistamine, avoid shellfish', SYSTIMESTAMP, SYSTIMESTAMP);
INSERT INTO medical_checkups (appt_ID, checkup_symptom, checkup_test, checkup_finding, checkup_treatment, created_at, updated_at) VALUES (10010, 'None, routine visit', 'BP 130/80, stable', 'Well-controlled Hypertension', 'Continue current medication', SYSTIMESTAMP, SYSTIMESTAMP);
INSERT INTO medical_checkups (appt_ID, checkup_symptom, checkup_test, checkup_finding, checkup_treatment, created_at, updated_at) VALUES (10012, 'Sore throat, mild temp 37.5C', 'Nil test needed', 'URTI', 'Lozenges and paracetamol', SYSTIMESTAMP, SYSTIMESTAMP);
INSERT INTO medical_checkups (appt_ID, checkup_symptom, checkup_test, checkup_finding, checkup_treatment, created_at, updated_at) VALUES (10013, 'Persistent cough, no phlegm', 'Chest clear', 'Dry cough viral origin', 'Cough suppressant, fluids', SYSTIMESTAMP, SYSTIMESTAMP);
INSERT INTO medical_checkups (appt_ID, checkup_symptom, checkup_test, checkup_finding, checkup_treatment, created_at, updated_at) VALUES (10014, 'Temp 38.8C, fatigue', 'FBC shows viral pattern', 'Viral Fever', 'Rest, antipyretics, MC 3 days', SYSTIMESTAMP, SYSTIMESTAMP);
INSERT INTO medical_checkups (appt_ID, checkup_symptom, checkup_test, checkup_finding, checkup_treatment, created_at, updated_at) VALUES (10015, 'Nil, routine glucose check', 'FBG 7.2 mmol/L', 'Diabetes Controlled', 'Continue Metformin', SYSTIMESTAMP, SYSTIMESTAMP);
INSERT INTO medical_checkups (appt_ID, checkup_symptom, checkup_test, checkup_finding, checkup_treatment, created_at, updated_at) VALUES (10016, 'Swollen left ankle post-exercise', 'X-ray no fracture', 'Grade 1 Ankle Sprain', 'RICE protocol, pain relief', SYSTIMESTAMP, SYSTIMESTAMP);
INSERT INTO medical_checkups (appt_ID, checkup_symptom, checkup_test, checkup_finding, checkup_treatment, created_at, updated_at) VALUES (10020, 'Throbbing headache, light sensitivity', 'Neuro exam normal', 'Migraine without aura', 'Analgesic, dim environment', SYSTIMESTAMP, SYSTIMESTAMP);
INSERT INTO medical_checkups (appt_ID, checkup_symptom, checkup_test, checkup_finding, checkup_treatment, created_at, updated_at) VALUES (10021, 'Epigastric pain after meals', 'Nil, clinical diagnosis', 'Gastritis', 'PPI, avoid spicy food', SYSTIMESTAMP, SYSTIMESTAMP);
INSERT INTO medical_checkups (appt_ID, checkup_symptom, checkup_test, checkup_finding, checkup_treatment, created_at, updated_at) VALUES (10022, 'Mild wheezing, tightness', 'Peak flow reduced', 'Mild Asthma Exacerbation', 'Nebulizer, increase puff', SYSTIMESTAMP, SYSTIMESTAMP);
INSERT INTO medical_checkups (appt_ID, checkup_symptom, checkup_test, checkup_finding, checkup_treatment, created_at, updated_at) VALUES (10028, 'Nausea, diarrhea, cramps', 'Stool test pending', 'Food Poisoning', 'ORS, antiemetic, light diet', SYSTIMESTAMP, SYSTIMESTAMP);
INSERT INTO medical_checkups (appt_ID, checkup_symptom, checkup_test, checkup_finding, checkup_treatment, created_at, updated_at) VALUES (10030, 'Difficulty sleeping, stress', 'DASS score moderate', 'Insomnia related to anxiety', 'Counseling referral, sleep hygiene', SYSTIMESTAMP, SYSTIMESTAMP);
INSERT INTO medical_checkups (appt_ID, checkup_symptom, checkup_test, checkup_finding, checkup_treatment, created_at, updated_at) VALUES (10032, 'Nil, follow-up visit', 'HbA1c 6.5%', 'Stable Diabetes', 'Continue metformin', SYSTIMESTAMP, SYSTIMESTAMP);
INSERT INTO medical_checkups (appt_ID, checkup_symptom, checkup_test, checkup_finding, checkup_treatment, created_at, updated_at) VALUES (10034, 'Red, itchy left eye, discharge', 'Conjunctival swab taken', 'Bacterial Conjunctivitis', 'Chloramphenicol drops', SYSTIMESTAMP, SYSTIMESTAMP);
INSERT INTO medical_checkups (appt_ID, checkup_symptom, checkup_test, checkup_finding, checkup_treatment, created_at, updated_at) VALUES (10036, 'nil, routine check', 'BP 135/85', 'Borderline Hypertension', 'Lifestyle advice, recheck 1 month', SYSTIMESTAMP, SYSTIMESTAMP);
INSERT INTO medical_checkups (appt_ID, checkup_symptom, checkup_test, checkup_finding, checkup_treatment, created_at, updated_at) VALUES (10037, 'Small laceration right index finger', 'Nil test needed', 'Superficial Cut', 'Cleaned, dressed, Tetanus booster given', SYSTIMESTAMP, SYSTIMESTAMP);
INSERT INTO medical_checkups (appt_ID, checkup_symptom, checkup_test, checkup_finding, checkup_treatment, created_at, updated_at) VALUES (10038, 'Lower back stiffness', 'Straight leg raise negative', 'Mechanical Back Pain', 'Physio referral, muscle relaxants', SYSTIMESTAMP, SYSTIMESTAMP);
INSERT INTO medical_checkups (appt_ID, checkup_symptom, checkup_test, checkup_finding, checkup_treatment, created_at, updated_at) VALUES (10040, 'High fever, body ache', 'Dengue rapid test negative', 'Viral Fever', 'Paracetamol, rest, fluids', SYSTIMESTAMP, SYSTIMESTAMP);
COMMIT;

-- ==========================================================
-- 9. VACCINATIONS
-- ==========================================================
INSERT INTO vaccinations (appt_ID, vacc_for, vacc_exp_date, vacc_desc, created_at, updated_at) VALUES (10009, 'Hepatitis B', TO_DATE('2030-12-15', 'YYYY-MM-DD'), 'Engerix-B booster dose given on right deltoid.', SYSTIMESTAMP, SYSTIMESTAMP);
INSERT INTO vaccinations (appt_ID, vacc_for, vacc_exp_date, vacc_desc, created_at, updated_at) VALUES (10019, 'Influenza (Quadrivalent)', TO_DATE('2026-12-08', 'YYYY-MM-DD'), 'Vaxigrip Tetra given on left deltoid.', SYSTIMESTAMP, SYSTIMESTAMP);
INSERT INTO vaccinations (appt_ID, vacc_for, vacc_exp_date, vacc_desc, created_at, updated_at) VALUES (10035, 'Typhoid', TO_DATE('2029-01-10', 'YYYY-MM-DD'), 'Typhim Vi given. Valid for 3 years.', SYSTIMESTAMP, SYSTIMESTAMP);
COMMIT;

-- ==========================================================
-- 10. PRESCRIBED MEDICATIONS
-- ==========================================================
INSERT INTO prescribed_meds (prescribe_ID, amount, dosage, appt_ID, meds_ID, created_at, updated_at) VALUES (1, '10 pills', '1 pill 3 times a day', 10001, 6001, SYSTIMESTAMP, SYSTIMESTAMP);
INSERT INTO prescribed_meds (prescribe_ID, amount, dosage, appt_ID, meds_ID, created_at, updated_at) VALUES (2, '14 pills', '1 pill once daily', 10002, 6006, SYSTIMESTAMP, SYSTIMESTAMP);
INSERT INTO prescribed_meds (prescribe_ID, amount, dosage, appt_ID, meds_ID, created_at, updated_at) VALUES (3, '7 capsules', '1 capsule 3 times a day', 10001, 6002, SYSTIMESTAMP, SYSTIMESTAMP);
INSERT INTO prescribed_meds (prescribe_ID, amount, dosage, appt_ID, meds_ID, created_at, updated_at) VALUES (4, '5 sachets', 'Mix with water after every loose stool', 10006, 6010, SYSTIMESTAMP, SYSTIMESTAMP);
INSERT INTO prescribed_meds (prescribe_ID, amount, dosage, appt_ID, meds_ID, created_at, updated_at) VALUES (5, '10 pills', '1 pill daily if itchy', 10008, 6007, SYSTIMESTAMP, SYSTIMESTAMP);
INSERT INTO prescribed_meds (prescribe_ID, amount, dosage, appt_ID, meds_ID, created_at, updated_at) VALUES (6, '1 bottle', 'Use twice daily', 10004, 6005, SYSTIMESTAMP, SYSTIMESTAMP);
INSERT INTO prescribed_meds (prescribe_ID, amount, dosage, appt_ID, meds_ID, created_at, updated_at) VALUES (7, '6 pills', '1 pill every 8 hours for pain', 10004, 6004, SYSTIMESTAMP, SYSTIMESTAMP);
INSERT INTO prescribed_meds (prescribe_ID, amount, dosage, appt_ID, meds_ID, created_at, updated_at) VALUES (8, '1 tube', 'Apply on affected gum', 10017, 6011, SYSTIMESTAMP, SYSTIMESTAMP);
INSERT INTO prescribed_meds (prescribe_ID, amount, dosage, appt_ID, meds_ID, created_at, updated_at) VALUES (9, '10 pills', '1 pill twice daily', 10014, 6001, SYSTIMESTAMP, SYSTIMESTAMP);
INSERT INTO prescribed_meds (prescribe_ID, amount, dosage, appt_ID, meds_ID, created_at, updated_at) VALUES (10, '10 pills', '1 pill every 6 hours for pain', 10016, 6004, SYSTIMESTAMP, SYSTIMESTAMP);
INSERT INTO prescribed_meds (prescribe_ID, amount, dosage, appt_ID, meds_ID, created_at, updated_at) VALUES (11, '10 pills', '1 pill every 8 hours', 10020, 6001, SYSTIMESTAMP, SYSTIMESTAMP);
INSERT INTO prescribed_meds (prescribe_ID, amount, dosage, appt_ID, meds_ID, created_at, updated_at) VALUES (12, '1 pack', 'Take as needed', 10012, 6003, SYSTIMESTAMP, SYSTIMESTAMP);
INSERT INTO prescribed_meds (prescribe_ID, amount, dosage, appt_ID, meds_ID, created_at, updated_at) VALUES (13, '10 pills', '1 pill for pain', 10016, 6004, SYSTIMESTAMP, SYSTIMESTAMP);
INSERT INTO prescribed_meds (prescribe_ID, amount, dosage, appt_ID, meds_ID, created_at, updated_at) VALUES (14, '10 pills', '1 pill nightly', 10022, 6007, SYSTIMESTAMP, SYSTIMESTAMP);
INSERT INTO prescribed_meds (prescribe_ID, amount, dosage, appt_ID, meds_ID, created_at, updated_at) VALUES (15, '5 sachets', 'Mix with water', 10028, 6010, SYSTIMESTAMP, SYSTIMESTAMP);
INSERT INTO prescribed_meds (prescribe_ID, amount, dosage, appt_ID, meds_ID, created_at, updated_at) VALUES (16, '1 bottle', '10ml before meals', 10028, 6008, SYSTIMESTAMP, SYSTIMESTAMP);
INSERT INTO prescribed_meds (prescribe_ID, amount, dosage, appt_ID, meds_ID, created_at, updated_at) VALUES (17, '20 pills', '2 pills every 6 hours', 10040, 6001, SYSTIMESTAMP, SYSTIMESTAMP);
COMMIT;

-- ==========================================================
-- 11. MEDICAL CERTIFICATES
-- ==========================================================
INSERT INTO medical_certificates (MC_ID, MC_date_start, MC_date_end, appt_ID, created_at, updated_at) VALUES (1, TO_DATE('2024-01-10', 'YYYY-MM-DD'), TO_DATE('2024-01-11', 'YYYY-MM-DD'), 10001, SYSTIMESTAMP, SYSTIMESTAMP);
INSERT INTO medical_certificates (MC_ID, MC_date_start, MC_date_end, appt_ID, created_at, updated_at) VALUES (2, TO_DATE('2024-02-15', 'YYYY-MM-DD'), TO_DATE('2024-02-15', 'YYYY-MM-DD'), 10004, SYSTIMESTAMP, SYSTIMESTAMP);
INSERT INTO medical_certificates (MC_ID, MC_date_start, MC_date_end, appt_ID, created_at, updated_at) VALUES (3, TO_DATE('2025-12-02', 'YYYY-MM-DD'), TO_DATE('2025-12-03', 'YYYY-MM-DD'), 10006, SYSTIMESTAMP, SYSTIMESTAMP);
INSERT INTO medical_certificates (MC_ID, MC_date_start, MC_date_end, appt_ID, created_at, updated_at) VALUES (4, TO_DATE('2025-12-10', 'YYYY-MM-DD'), TO_DATE('2025-12-10', 'YYYY-MM-DD'), 10008, SYSTIMESTAMP, SYSTIMESTAMP);
INSERT INTO medical_certificates (MC_ID, MC_date_start, MC_date_end, appt_ID, created_at, updated_at) VALUES (5, TO_DATE('2025-12-03', 'YYYY-MM-DD'), TO_DATE('2025-12-04', 'YYYY-MM-DD'), 10012, SYSTIMESTAMP, SYSTIMESTAMP);
INSERT INTO medical_certificates (MC_ID, MC_date_start, MC_date_end, appt_ID, created_at, updated_at) VALUES (6, TO_DATE('2025-12-03', 'YYYY-MM-DD'), TO_DATE('2025-12-05', 'YYYY-MM-DD'), 10014, SYSTIMESTAMP, SYSTIMESTAMP);
INSERT INTO medical_certificates (MC_ID, MC_date_start, MC_date_end, appt_ID, created_at, updated_at) VALUES (7, TO_DATE('2025-12-04', 'YYYY-MM-DD'), TO_DATE('2025-12-08', 'YYYY-MM-DD'), 10016, SYSTIMESTAMP, SYSTIMESTAMP);
INSERT INTO medical_certificates (MC_ID, MC_date_start, MC_date_end, appt_ID, created_at, updated_at) VALUES (8, TO_DATE('2025-12-09', 'YYYY-MM-DD'), TO_DATE('2025-12-09', 'YYYY-MM-DD'), 10020, SYSTIMESTAMP, SYSTIMESTAMP);
INSERT INTO medical_certificates (MC_ID, MC_date_start, MC_date_end, appt_ID, created_at, updated_at) VALUES (9, TO_DATE('2025-12-24', 'YYYY-MM-DD'), TO_DATE('2025-12-25', 'YYYY-MM-DD'), 10028, SYSTIMESTAMP, SYSTIMESTAMP);
INSERT INTO medical_certificates (MC_ID, MC_date_start, MC_date_end, appt_ID, created_at, updated_at) VALUES (10, TO_DATE('2026-01-07', 'YYYY-MM-DD'), TO_DATE('2026-01-08', 'YYYY-MM-DD'), 10034, SYSTIMESTAMP, SYSTIMESTAMP);
COMMIT;